<step title="Incoming Request" date="2025-03-16T15:08:04.410" instance="47caf0" url="/api/zipdeploy?isAsync=true" method="POST" type="request" pid="825,1,23" Accept="*/*" Host="seto-coffee-ddbqd2hve3dja5bv.scm.japaneast-01.azurewebsites.net" User-Agent="AZURECLI/2.70.0 (HOMEBREW)" Accept-Encoding="gzip, deflate" Authorization="Bea..." Cache-Control="no-cache" Content-Type="application/octet-stream" Cookie="ARRAffinity=47caf016f6783e1a20bee2329ec83e15f19b05187164d88dc5dabdeab9e10466; ARRAffinitySameSite=47caf016f6783e1a20bee2329ec83e15f19b05187164d88dc5dabdeab9e10466" Content-Length="135808976" x-ms-client-request-id="71f265e2-0278-11f0-b038-f6bd9337c065" x-ms-artifact-checksum="4f8cbbfde84fb464ed15414ac41d6061fa2795fe7dea4abebd5984b7d7d6dab5" X-ARR-LOG-ID="71f265e2-0278-11f0-b038-f6bd9337c065" CLIENT-IP="125.192.239.159:62145" X-SITE-DEPLOYMENT-ID="seto-coffee" WAS-DEFAULT-HOSTNAME="seto-coffee-ddbqd2hve3dja5bv.scm.japaneast-01.azurewebsites.net" X-Forwarded-Proto="https" X-AppService-Proto="https" X-Forwarded-TlsVersion="1.3" X-WAWS-Unencoded-URL="/api/zipdeploy?isAsync=true" X-Client-IP="125.192.239.159" X-Client-Port="62145" >
  <step title="ZipPushDeploy" date="2025-03-16T15:08:04.537" >
    <step title="ZipDeploy. Extract zip." date="2025-03-16T15:08:04.577" /><!-- duration: 30ms -->
    <step title="None repository commit" date="2025-03-16T15:08:04.629" >
      <step title="Commit id: 71f265e2-0278-11f0-b038-f6bd9337c065" date="2025-03-16T15:08:04.649" Message="N/A" AuthorName="N/A" AuthorEmail="N/A" /><!-- duration: 5ms -->
    </step><!-- duration: 37ms -->
    <step title="Starting PushDeployAsync" date="2025-03-16T15:08:04.670" /><!-- duration: 3ms -->
    <step title="Writing artifact to /tmp/zipdeploy/1df90b60-641a-4ac9-9374-d0b52dcc9d7b.zip" date="2025-03-16T15:08:04.722" >
      <step title="Writing zip file from request body to /tmp/zipdeploy/1df90b60-641a-4ac9-9374-d0b52dcc9d7b.zip" date="2025-03-16T15:08:04.737" /><!-- duration: 23ms -->
    </step><!-- duration: 8221ms -->
    <step title="Start deployment in the background" date="2025-03-16T15:08:12.975" >
      <step title="Acquiring Deployment Lock" date="2025-03-16T15:08:13.032" /><!-- duration: 12ms -->
      <step title="Acquired Deployment Lock" date="2025-03-16T15:08:13.090" /><!-- duration: 10ms -->
    </step><!-- duration: 334ms -->
  </step><!-- duration: 8853ms -->
  <step title="Outgoing response" date="2025-03-16T15:08:13.408" type="response" statusCode="202" statusText="Accepted" /><!-- duration: 22ms -->
</step><!-- duration: 9023ms -->
