<step title="Incoming Request" date="2025-03-16T15:08:19.994" instance="47caf0" url="/api/deployments/latest" method="GET" type="request" pid="825,1,26" Accept="*/*" Host="seto-coffee-ddbqd2hve3dja5bv.scm.japaneast-01.azurewebsites.net" User-Agent="AZURECLI/2.70.0 (HOMEBREW)" Accept-Encoding="gzip, deflate" Authorization="Bea..." x-ms-client-request-id="71f265e2-0278-11f0-b038-f6bd9337c065" X-ARR-LOG-ID="71f265e2-0278-11f0-b038-f6bd9337c065" CLIENT-IP="125.192.239.159:63396" X-SITE-DEPLOYMENT-ID="seto-coffee" WAS-DEFAULT-HOSTNAME="seto-coffee-ddbqd2hve3dja5bv.scm.japaneast-01.azurewebsites.net" X-Forwarded-Proto="https" X-AppService-Proto="https" X-Forwarded-TlsVersion="1.3" X-WAWS-Unencoded-URL="/api/deployments/latest" X-Client-IP="125.192.239.159" X-Client-Port="63396" >
  <step title="Cleanup Xml Logs" date="2025-03-16T15:08:20.022" /><!-- duration: 40ms -->
  <step title="DeploymentService.GetResult" date="2025-03-16T15:08:20.231" >
    <step title="DeploymentService.GetLatestDeployment" date="2025-03-16T15:08:20.243" >
      <step title="DeploymentManager.GetResults" date="2025-03-16T15:08:20.313" /><!-- duration: 256ms -->
      <step title="Deployment temp-f4f55583 is Pending" date="2025-03-16T15:08:20.579" /><!-- duration: 3ms -->
    </step><!-- duration: 348ms -->
  </step><!-- duration: 369ms -->
  <step title="Outgoing response" date="2025-03-16T15:08:20.619" type="response" statusCode="202" statusText="Accepted" /><!-- duration: 11ms -->
</step><!-- duration: 646ms -->
