<step title="BackgroundTrace" date="2025-03-16T15:08:12.984" instance="47caf0" url="/api/zipdeploy" method="POST" >
  <step title="Cleanup Xml Logs" date="2025-03-16T15:08:12.993" /><!-- duration: 6ms -->
  <step title="Creating temporary deployment - FetchDeploymentManager" date="2025-03-16T15:08:13.104" /><!-- duration: 9ms -->
  <step title="Creating temporary deployment" date="2025-03-16T15:08:13.129" /><!-- duration: 168ms -->
  <step title="Performing fetch based deployment" date="2025-03-16T15:08:13.492" >
    <step title="Cleaning up temp folders from previous zip deployments and extracting pushed zip file /tmp/zipdeploy/1df90b60-641a-4ac9-9374-d0b52dcc9d7b.zip (129.52 MB) to /tmp/zipdeploy/extracted" date="2025-03-16T15:08:14.696" >
      <step title="ChmodRecursive Process exited with total time taken in ms: 173" date="2025-03-16T15:08:23.032" /><!-- duration: 30ms -->
    </step><!-- duration: 8376ms -->
    <step title="Deployment timer started" date="2025-03-16T15:08:25.113" >
      <step title="DeploymentManager.Deploy(id:71f265e2-0278-11f0-b038-f6bd9337c065)" date="2025-03-16T15:08:25.132" >
        <step title="Collecting changeset information" date="2025-03-16T15:08:25.174" /><!-- duration: 139ms -->
        <step title="Updating submodules" date="2025-03-16T15:08:25.352" /><!-- duration: 1209ms -->
        <step title="Determining deployment builder" date="2025-03-16T15:08:26.771" >
          <step title="Builder is BasicBuilder" date="2025-03-16T15:08:26.808" /><!-- duration: 9ms -->
        </step><!-- duration: 61ms -->
        <step title="PreDeployment: context.CleanOutputPath False" date="2025-03-16T15:08:26.889" >
          <step title="PreDeployment: context.OutputPath /home/site/wwwroot" date="2025-03-16T15:08:27.268" >
            <step title="Building" date="2025-03-16T15:08:27.455" >
              <step title="Generating deployment script" date="2025-03-16T15:08:27.574" >
                <step title="Executing external process" date="2025-03-16T15:08:27.684" type="process" path="starter.sh" arguments="&quot;/opt/Kudu/node_modules/.bin/kuduscript&quot; -y --no-dot-deployment -r &quot;/tmp/zipdeploy/extracted&quot; -o &quot;/home/site/deployments/tools&quot; --basic --sitePath &quot;/tmp/zipdeploy/extracted&quot;" /><!-- duration: 1038ms -->
                <step title="Saved cached version of the deployment script for command -y --no-dot-deployment -r &quot;/tmp/zipdeploy/extracted&quot; -o &quot;/home/site/deployments/tools&quot; --basic --sitePath &quot;/tmp/zipdeploy/extracted&quot;" date="2025-03-16T15:08:28.832" /><!-- duration: 4ms -->
              </step><!-- duration: 1278ms -->
              <step title="Executing external process" date="2025-03-16T15:08:29.021" type="process" path="starter.sh" arguments="&quot;/home/site/deployments/tools/deploy.sh&quot;" /><!-- duration: 95188ms -->
              <step title="Triggering recycle (preview mode disabled)." date="2025-03-16T15:10:04.658" /><!-- duration: 10ms -->
              <step title="Modified file to trigger a restart of the app container." date="2025-03-16T15:10:04.713" /><!-- duration: 4ms -->
              <step title="Skip function trigger and logicapp sync because function is not enabled." date="2025-03-16T15:10:04.727" /><!-- duration: 11ms -->
            </step><!-- duration: 98032ms -->
          </step><!-- duration: 98230ms -->
          <step title="Cleaning up temp files" date="2025-03-16T15:10:05.502" /><!-- duration: 22ms -->
          <step title="Cleaning up temp files" date="2025-03-16T15:10:05.542" /><!-- duration: 511ms -->
          <step title="Reloading status file with latest updates" date="2025-03-16T15:10:06.077" >
            <step title="WebHooksManager.PublishEventAsync: PostDeployment" date="2025-03-16T15:10:06.085" /><!-- duration: 117ms -->
          </step><!-- duration: 129ms -->
          <step title="Cleaning up temporary deployment - fetch deployment was successful" date="2025-03-16T15:10:06.217" /><!-- duration: 3ms -->
        </step><!-- duration: 99422ms -->
      </step><!-- duration: 101200ms -->
