﻿<?xml version="1.0" encoding="utf-8"?>
<deployment>
  <id>71f265e2-0278-11f0-b038-f6bd9337c065</id>
  <author>N/A</author>
  <deployer>Push-Deployer</deployer>
  <authorEmail>N/A</authorEmail>
  <message>Created via a push deployment</message>
  <progress></progress>
  <status>Success</status>
  <statusText></statusText>
  <lastSuccessEndTime>2025-03-16T15:10:05.25864Z</lastSuccessEndTime>
  <receivedTime>2025-03-16T15:08:25.2419435Z</receivedTime>
  <startTime>2025-03-16T15:08:26.7210616Z</startTime>
  <endTime>2025-03-16T15:10:05.25864Z</endTime>
  <complete>True</complete>
  <is_temp>False</is_temp>
  <is_readonly>True</is_readonly>
  <buildSummary />
</deployment>